label,auc
Atelectasis,0.8256559916492435
Cardiomegaly,0.9096563243623911
Consolidation,0.8145544792242632
Edema,0.891456424162054
Effusion,0.882532489694045
Emphysema,0.9158396446520557
Fibrosis,0.8364410837851024
Hernia,0.9422780411347247
Infiltration,0.717939402760942
Mass,0.8581810421480849
Nodule,0.7866033191147552
Pleural_Thickening,0.7802004462089879
Pneumonia,0.7632550329749626
Pneumothorax,0.8769809095108094
